{
  "fields": {
    "name": {
      "type": "String",
      "label": "name",
      "example": "War and Peace",
      "comments": "This is the book's name",
      "placement": "Main content",
      "required": true,
      "message": "",
      "display": {
        "index": true,
        "edit": false
      }
    },
    "authorId": {
      "type": "String",
      "label": "author",
      "example": "b8b285ae-53d1-47a5-9e69-ec04",
      "comments": "This is the _id of the book's author",
      "placement": "Main content",
      "validation": {
        "regex": {
          "pattern": "^[0-9a-fA-F]{24}$"
        }
      },
      "required": true,
      "message": "",
      "display": {
        "index": true,
        "edit": true
      }
    }
  },
  "settings": {
    "cache": true,
    "authenticate": true,
    "callback": null,
    "defaultFilters": null,
    "fieldLimiters": null,
    "count": 40,
    "sort": "name",
    "sortOrder": 1,
    "storeRevisions": true,
    "revisionCollection": "booksHistory",
    "index": {
      "enabled": true,
      "keys": {
        "authorId": 1
      }
    },
    "description": "Allows for a [Markdown](http://daringfireball.net/projects/markdown/syntax) **formatted** description to explain the purpose of this **model**."
  }
}
